Title,
The Intern,
LA LA Land,
Crazy Rich Asians,
Transformers,
Chef,
No Strings Attached,
Set It Up,
Catch Me If You Can,
Analyze This,
Role Model,
The Other Zoey,
Five Blind Dates,
Upgraded,
Knives Out,
Knives Out Glass Onion,
The Vow,
About Time,
About Fate,
The Hating Game,
The Perfect Date,
Forrest Gump,
Game Night,
Fight Club,
Love Actually,
21 Jump Street,
Meet Joe Black,
Kung Fu Panda,
How To Train Your Dragon,
Longest Ride,
The Manchurian Candidate,
World War Z,
Devil Wears Prada,
Inglorious Bastards,
Barbie,
Cruella,
American Psycho,
Cloverfield,
10 Cloverfield Lane,
Anyone But You,
The Adam Project,
Red Notice,
Da Vinci Code,
Oppenheimer,
Burnt,
After We Go,
Little Women,
Holidate,
Gifted,
Legally Blonde 1,
Legally Blonde 2,
Die Hard,
Pursuit Of Happyness,
Now You See Me 1,
Now You See Me 2,
Ace Ventura,
Italian Job,
Don't Look Up,
Murder Mystery 1,
Murder Mystery 2,
Da Vinci Code,
Butch Cassidy And Sundance Kid,
Searching,
Always Be My Maybe,
Superbad,
Hit Man ,
Edge Of Tomorrow,
Passengers,
Central Intelligence,
Palm Springs,
Uncharted,
Moneyball,
Ticket To Paradise,
A Family Affair,
Kill Bill Vol1,
Kill Bill Vol2,
The Holiday,
Call Of The Wild,
Space Cadet,
Family Switch,
Instant Family,
Gran Turismo,
50 First Dates,
Iron Man,
The Incredible Hulk,
Iron Man 2,
Thor,
Captain America: The First Avenger,
The Avengers,
Iron Man 3,
Thor: The Dark World,
Captain America: The Winter Soldier,
Guardians of the Galaxy,
Avengers: Age of Ultron,
Ant-Man,
Captain America: Civil War,
Doctor Strange,
Guardians of the Galaxy Vol. 2,
Spider-Man: Homecoming,
Thor: Ragnarok,
Black Panther,
Avengers: Infinity War,
Ant-Man and the Wasp,
Captain Marvel,
Avengers: Endgame,
Spider-Man: Far From Home,
Black Widow,
Shang-Chi and the Legend of the Ten Rings,
Eternals,
Spider-Man: No Way Home,
Doctor Strange in the Multiverse of Madness,
Thor: Love and Thunder,
Black Panther: Wakanda Forever,
Ant-Man and the Wasp: Quantumania,
Guardians of the Galaxy Vol. 3,
The Marvels,
Captain America: New World Order,
Thunderbolts,
Spider-Man,
Spider-Man 2,
Spider-Man 3,
The Amazing Spider-Man,
The Amazing Spider-Man 2,
Spider-Man: Homecoming,
Spider-Man: Far From Home,
Spider-Man: No Way Home,
Spider-Man: Into the Spider-Verse,
Spider-Man: Across the Spider-Verse,
Star Wars: Episode IV - A New Hope,
Star Wars: Episode V - The Empire Strikes Back,
Star Wars: Episode VI - Return of the Jedi,
Star Wars: Episode I - The Phantom Menace,
Star Wars: Episode II - Attack of the Clones,
Star Wars: Episode III - Revenge of the Sith,
Star Wars: Episode VII - The Force Awakens,
Star Wars: Episode VIII - The Last Jedi,
Star Wars: Episode IX - The Rise of Skywalker,
Back To The Future 1,
Back To The Future 2,
Back To The Future 3,
John Wick 1,
John Wick: Chapter 2,
John Wick: Chapter 3 - Parabellum,
John Wick: Chapter 4,
The Lord of the Rings: The Fellowship of the Ring,
The Lord of the Rings: The Two Towers,
The Lord of the Rings: The Return of the King,
Harry Potter and the Sorcerer's Stone,
Harry Potter and the Chamber of Secrets,
Harry Potter and the Prisoner of Azkaban,
Harry Potter and the Goblet of Fire,
Harry Potter and the Order of the Phoenix,
Harry Potter and the Half-Blood Prince,
Harry Potter and the Deathly Hallows – Part 1,
Harry Potter and the Deathly Hallows – Part 2,
Transformers,
Transformers: Revenge of the Fallen,
Transformers: Dark of the Moon,
Transformers: Age of Extinction,
Transformers: The Last Knight,
Bumblebee,
Transformers: Rise of the Beasts,
The Matrix,
The Matrix Reloaded,
The Matrix Revolutions,
Kung Fu Panda,
Kung Fu Panda 2,
Kung Fu Panda 3,
How to Train Your Dragon,
How to Train Your Dragon 2,
How to Train Your Dragon: The Hidden World,
The Hunger Games,
The Hunger Games: Catching Fire,
The Hunger Games: Mockingjay – Part 1,
The Hunger Games: Mockingjay – Part 2,
The Hunger Games: The Ballad of Songbirds and Snakes,
Ocean's Eleven,
Ocean's Twelve,
Ocean's Thirteen,
Ocean's 8,
Murder on the Orient Express,
Death on the Nile,
Haunting In Venice,
Night at the Museum,
Night at the Museum: Battle of the Smithsonian,
Night at the Museum: Secret of the Tomb,
Raiders of the Lost Ark,
Indiana Jones and the Temple of Doom,
Indiana Jones and the Last Crusade,
Indiana Jones and the Kingdom of the Crystal Skull,
Indiana Jones and the Dial of Destiny,
Toy Story,
A Bug's Life,
Toy Story 2,
"Monsters, Inc.",
Finding Nemo,
The Incredibles,
Cars,
Ratatouille,
Up,
Toy Story 3,
Cars 2,
Inside Out,
Finding Dory,
Cars 3,
Toy Story 4,
Elemental,
Inside Out 2, 
The Fast and the Furious,
2 Fast 2 Furious,
The Fast and the Furious: Tokyo Drift,
Fast & Furious,
Fast Five,
Fast & Furious 6,
Furious 7,
The Fate of the Furious,
F9: The Fast Saga,
Batman Begins,
The Dark Knight,
The Dark Knight Rises,
The Godfather,
The Godfather Part II,
The Godfather Part III,
Fear Street Part One: 1994,
Fear Street Part Two: 1978,
Fear Street Part Three: 1666,
Men in Black,
Men in Black II,
Men in Black 3,
Pacific Rim,
Pacific Rim: Uprising,
Rush Hour,
Rush Hour 2,
Rush Hour 3,
Kill Bill: Vol. 1,
Kill Bill: Vol. 2,
